1, Coffee Eclair, Blackberry Tart, Bottled Water, Single Espresso
2, Lemon Cake, Lemon Tart
3, Lemon Cake, Lemon Tart
4, Opera Cake, Strawberry Cake, Blackberry Tart, Cherry Tart, Apricot Danish, Bottled Water
5, Casino Cake, Strawberry Cake, Coffee Eclair, Napoleon Cake, Raspberry Cookie
6, Berry Tart, Ganache Cookie, Bottled Water
7, Strawberry Cake, Apple Tart, Apple Croissant, Apple Danish, Bottled Water, Cherry Soda
8, Blackberry Tart, Marzipan Cookie, Tuile Cookie
9, Casino Cake, Tuile Cookie
10, Opera Cake, Cherry Tart, Apricot Danish
11, Raspberry Cookie, Lemon Cookie, Lemon Lemonade, Raspberry Lemonade, Green Tea
12, Pecan Tart, Green Tea, Cherry Soda
13, Single Espresso
14, Lemon Cake, Lemon Tart, Vanilla Meringue
15, Truffle Cake, Gongolais Cookie, Blueberry Danish
16, Blueberry Tart, Apricot Croissant, Hot Coffee
17, Strawberry Cake, Chocolate Eclair, Napoleon Cake, Almond Tart, Blueberry Tart, Gongolais Cookie
18, Lemon Cake, Lemon Tart, Raspberry Cookie
19, Coffee Eclair, Apple Pie, Almond Twist, Hot Coffee
20, Opera Cake, Cherry Tart, Apricot Croissant, Apricot Danish
21, Lemon Cake, Vanilla Eclair, Lemon Tart, Vanilla Frappuccino
22, Chocolate Croissant, Blueberry Danish, Bottled Water
23, Apricot Tart, Lemon Tart
24, Strawberry Cake, Napoleon Cake, Almond Bear Claw
25, Coffee Eclair, Gongolais Cookie, Cherry Soda
26, Coffee Eclair, Apple Pie, Berry Tart
27, Raspberry Cookie, Lemon Cookie, Lemon Lemonade, Raspberry Lemonade, Green Tea
28, Napoleon Cake, Berry Tart
29, Chocolate Cake, Casino Cake, Orange Juice
30, Apricot Tart, Apricot Danish
31, Raspberry Cookie
32, Vanilla Eclair, Ganache Cookie, Chocolate Meringue, Almond Bear Claw
33, Strawberry Cake, Chocolate Coffee
34, Raspberry Cookie, Lemon Cookie, Lemon Lemonade, Raspberry Lemonade, Green Tea
35, Strawberry Cake, Chocolate Tart, Walnut Cookie, Vanilla Frappuccino
36, Apple Tart, Apple Croissant, Apple Danish
37, Berry Tart, Gongolais Cookie, Vanilla Meringue, Almond Twist, Bottled Water
38, Chocolate Cake, Blueberry Tart, Almond Croissant, Apricot Croissant, Hot Coffee, Vanilla Frappuccino
39, Lemon Cake, Apple Pie, Lemon Tart, Chocolate Meringue, Marzipan Cookie, Walnut Cookie, Chocolate Coffee
40, Blackberry Tart, Blueberry Tart, Cherry Tart, Ganache Cookie, Vanilla Meringue
41, Strawberry Cake, Almond Tart, Berry Tart
42, Opera Cake, Apple Danish
43, Raspberry Cookie, Marzipan Cookie, Tuile Cookie
44, Blackberry Tart, Ganache Cookie, Lemon Lemonade
45, Almond Tart, Lemon Tart, Chocolate Meringue, Apricot Croissant
46, Apple Pie, Gongolais Cookie, Bottled Water
47, Vanilla Eclair
48, Chocolate Cake, Casino Cake, Chocolate Coffee
49, Cheese Croissant, Orange Juice
50, Tuile Cookie, Blueberry Danish
51, Coffee Eclair, Chocolate Tart, Tuile Cookie
52, Lemon Cake, Lemon Tart
53, Apricot Croissant, Chocolate Croissant
54, Chocolate Cake, Casino Cake, Chocolate Coffee
55, Blackberry Tart, Almond Croissant, Hot Coffee
56, Blueberry Danish, Single Espresso
57, Chocolate Coffee
58, Strawberry Cake, Napoleon Cake, Lemon Tart
59, Chocolate Cake, Casino Cake, Blueberry Tart, Lemon Tart, Chocolate Coffee
60, Chocolate Tart, Ganache Cookie, Lemon Lemonade
61, Casino Cake, Strawberry Cake, Chocolate Eclair, Napoleon Cake, Blueberry Danish
62, Raspberry Cookie, Lemon Cookie, Lemon Lemonade, Raspberry Lemonade, Green Tea
63, Apricot Tart, Marzipan Cookie, Tuile Cookie
64, Lemon Lemonade
65, Apple Tart, Berry Tart, Bottled Water
66, Marzipan Cookie, Tuile Cookie
67, Lemon Cake, Apple Danish
68, Apple Tart, Apple Croissant, Apple Danish, Cherry Soda
69, Opera Cake, Cherry Tart, Apricot Danish
70, Truffle Cake, Apple Tart, Blueberry Tart
71, Almond Croissant, Single Espresso
72, Coffee Eclair, Walnut Cookie, Almond Croissant
73, Chocolate Tart, Lemon Tart, Almond Croissant
74, Lemon Cake, Apricot Tart, Apple Danish
75, Lemon Tart, Cheese Croissant, Single Espresso
76, Lemon Cake, Truffle Cake, Berry Tart, Almond Bear Claw
77, Apple Croissant
78, Lemon Cake, Truffle Cake, Vanilla Eclair, Berry Tart, Gongolais Cookie, Vanilla Meringue
79, Coffee Eclair, Marzipan Cookie, Almond Croissant, Apple Danish, Almond Twist, Green Tea
80, Apricot Tart, Apricot Danish, Orange Juice
81, Truffle Cake, Gongolais Cookie, Apricot Croissant
82, Coffee Eclair, Apple Pie, Pecan Tart, Tuile Cookie, Almond Twist, Hot Coffee
83, Raspberry Cookie, Lemon Cookie, Lemon Lemonade, Raspberry Lemonade
84, Opera Cake, Truffle Cake, Berry Tart, Gongolais Cookie, Apple Danish
85, Apple Tart, Apple Croissant, Apple Danish, Cherry Soda
86, Hot Coffee
87, Apple Tart, Apple Croissant, Apple Danish, Cherry Soda
88, Berry Tart, Bottled Water
89, Truffle Cake, Lemon Tart, Gongolais Cookie, Chocolate Croissant, Green Tea
90, Chocolate Cake, Casino Cake, Hot Coffee, Chocolate Coffee
91, Blueberry Tart, Apricot Croissant, Hot Coffee, Vanilla Frappuccino, Cherry Soda
92, Lemon Cake, Cherry Soda
93, Lemon Cake, Opera Cake, Cherry Tart, Apricot Danish
94, Coffee Eclair, Apple Pie, Almond Twist, Hot Coffee
95, Blueberry Tart, Vanilla Meringue, Apricot Croissant, Raspberry Lemonade, Hot Coffee
96, Lemon Cake, Walnut Cookie, Almond Croissant
97, Lemon Cake, Lemon Tart
98, Lemon Cake
99, Berry Tart, Gongolais Cookie, Almond Twist
100, Gongolais Cookie, Chocolate Croissant, Lemon Lemonade
101, Apple Croissant
102, Blueberry Tart, Chocolate Tart, Green Tea
103, Vanilla Eclair, Lemon Tart, Pecan Tart, Cherry Soda
104, Lemon Cake, Apple Tart, Blackberry Tart, Marzipan Cookie, Apple Croissant, Chocolate Croissant, Apple Danish, Cherry Soda
105, Opera Cake, Lemon Lemonade, Hot Coffee
106, Apricot Tart, Cherry Tart, Ganache Cookie, Raspberry Lemonade, Vanilla Frappuccino, Cherry Soda
107, Opera Cake, Cherry Tart, Gongolais Cookie, Marzipan Cookie
108, Chocolate Eclair, Blueberry Tart, Chocolate Tart, Apple Croissant, Cheese Croissant, Orange Juice
109, Truffle Cake, Gongolais Cookie, Marzipan Cookie, Apricot Danish
110, Coffee Eclair, Blackberry Tart, Single Espresso
111, Chocolate Eclair, Apple Tart, Vanilla Meringue, Walnut Cookie, Apple Croissant, Apricot Croissant, Apple Danish, Cherry Soda
112, Apple Pie, Apricot Tart, Berry Tart, Bottled Water
113, Raspberry Cookie, Cheese Croissant, Apricot Danish
114, Truffle Cake, Vanilla Eclair, Cherry Tart, Walnut Cookie, Chocolate Coffee
115, Raspberry Lemonade
116, Lemon Cake, Opera Cake, Vanilla Eclair, Marzipan Cookie, Tuile Cookie
117, Lemon Cake, Apple Pie, Lemon Tart, Cheese Croissant
118, Raspberry Cookie, Lemon Cookie, Lemon Lemonade, Raspberry Lemonade
119, Blueberry Tart, Cherry Tart, Raspberry Cookie, Marzipan Cookie, Walnut Cookie, Almond Croissant, Lemon Lemonade, Single Espresso
120, Berry Tart, Cherry Tart, Bottled Water
121, Chocolate Cake, Casino Cake, Chocolate Coffee
122, Opera Cake, Cherry Tart, Apricot Danish
123, Apple Tart, Apple Croissant, Apple Danish, Cherry Soda
124, Coffee Eclair, Apple Pie, Pecan Tart, Walnut Cookie, Almond Twist, Hot Coffee
125, Casino Cake, Lemon Cookie, Marzipan Cookie
126, Truffle Cake, Apricot Tart, Gongolais Cookie
127, Gongolais Cookie, Orange Juice, Chocolate Coffee, Vanilla Frappuccino
128, Blueberry Danish, Raspberry Lemonade
129, Apricot Tart, Raspberry Cookie
130, Lemon Cake, Lemon Cookie, Lemon Lemonade, Orange Juice
131, Berry Tart, Pecan Tart, Vanilla Meringue, Bottled Water
132, Apple Tart, Apple Croissant, Apple Danish, Cherry Soda
133, Coffee Eclair, Ganache Cookie, Marzipan Cookie, Tuile Cookie, Cheese Croissant, Apple Danish, Vanilla Frappuccino
134, Chocolate Tart, Walnut Cookie, Vanilla Frappuccino
135, Apple Tart, Apple Croissant, Apple Danish
136, Strawberry Cake, Napoleon Cake, Apple Pie
137, Opera Cake, Apple Pie, Berry Tart, Cherry Tart, Walnut Cookie, Apricot Danish
138, Pecan Tart, Cheese Croissant, Orange Juice
139, Gongolais Cookie, Bottled Water, Chocolate Coffee
140, Truffle Cake, Chocolate Eclair, Blueberry Tart, Gongolais Cookie, Cheese Croissant, Almond Bear Claw, Single Espresso
141, Chocolate Cake, Casino Cake, Apple Tart, Lemon Cookie, Vanilla Meringue, Apple Croissant, Chocolate Coffee
142, Chocolate Cake, Chocolate Eclair, Chocolate Meringue
143, Truffle Cake, Lemon Tart, Gongolais Cookie
144, Apple Pie, Apricot Tart, Berry Tart, Apricot Danish, Cherry Soda
145, Chocolate Tart, Walnut Cookie, Apricot Danish, Bottled Water, Vanilla Frappuccino
146, Coffee Eclair, Blackberry Tart
147, Truffle Cake, Gongolais Cookie
148, Chocolate Cake, Lemon Cake, Casino Cake, Chocolate Coffee
149, Strawberry Cake, Napoleon Cake, Cherry Tart, Raspberry Lemonade
150, Lemon Cake, Apple Tart, Cherry Tart, Lemon Tart, Blueberry Danish
151, Chocolate Cake, Casino Cake, Lemon Tart, Gongolais Cookie, Chocolate Coffee
152, Cheese Croissant, Almond Twist, Orange Juice
153, Chocolate Cake, Casino Cake, Almond Twist, Chocolate Coffee
154, Apple Pie, Cherry Tart, Apricot Danish, Hot Coffee
155, Strawberry Cake, Napoleon Cake, Blackberry Tart
156, Lemon Tart, Lemon Cookie, Tuile Cookie, Apricot Danish, Single Espresso
157, Truffle Cake, Gongolais Cookie, Almond Twist
158, Chocolate Cake, Casino Cake, Truffle Cake, Lemon Tart, Cheese Croissant, Apricot Danish, Blueberry Danish, Chocolate Coffee
159, Opera Cake, Strawberry Cake, Truffle Cake, Cherry Soda
160, Strawberry Cake, Chocolate Eclair, Cherry Tart, Tuile Cookie, Apricot Danish
161, Opera Cake, Cherry Tart, Apple Croissant, Apricot Danish
162, Chocolate Eclair, Chocolate Tart, Chocolate Meringue, Single Espresso
163, Chocolate Tart
164, Opera Cake, Vanilla Eclair, Napoleon Cake, Pecan Tart, Gongolais Cookie, Raspberry Cookie, Orange Juice
165, Strawberry Cake, Blackberry Tart, Chocolate Tart, Ganache Cookie, Vanilla Meringue, Apple Danish, Cherry Soda
166, Berry Tart, Raspberry Lemonade, Bottled Water
167, Lemon Tart, Tuile Cookie, Orange Juice
168, Strawberry Cake, Napoleon Cake
169, Apricot Tart, Apple Croissant, Cheese Croissant, Raspberry Lemonade, Orange Juice
170, Truffle Cake, Gongolais Cookie, Tuile Cookie
171, Chocolate Cake, Blueberry Tart, Apricot Croissant
172, Truffle Cake, Tuile Cookie, Green Tea
173, Lemon Cookie, Apple Danish, Almond Twist, Orange Juice
174, Apple Croissant
175, Lemon Lemonade, Orange Juice
176, Apple Pie, Chocolate Croissant, Cherry Soda
177, Berry Tart, Tuile Cookie, Lemon Lemonade, Green Tea
178, Chocolate Cake, Apricot Tart, Vanilla Meringue
179, Blueberry Tart, Apricot Croissant, Hot Coffee
180, Almond Tart, Berry Tart, Bottled Water, Chocolate Coffee
181, Strawberry Cake, Coffee Eclair, Napoleon Cake, Lemon Tart, Apple Danish
182, Raspberry Cookie, Lemon Cookie, Lemon Lemonade, Raspberry Lemonade, Green Tea
183, Strawberry Cake, Napoleon Cake, Almond Twist
184, Truffle Cake, Gongolais Cookie, Apple Croissant
185, Ganache Cookie, Lemon Cookie, Walnut Cookie
186, Chocolate Cake, Chocolate Eclair, Gongolais Cookie, Chocolate Coffee
187, Opera Cake, Cherry Tart, Ganache Cookie, Apricot Danish, Blueberry Danish, Chocolate Coffee
188, Apple Tart, Apple Croissant, Apple Danish, Almond Bear Claw, Cherry Soda
189, Tuile Cookie
190, Raspberry Cookie, Lemon Cookie, Lemon Lemonade, Raspberry Lemonade, Green Tea
191, Apple Tart, Lemon Cookie
192, Chocolate Eclair, Marzipan Cookie, Tuile Cookie
193, Raspberry Cookie, Lemon Cookie, Lemon Lemonade, Raspberry Lemonade, Green Tea
194, Marzipan Cookie, Tuile Cookie
195, Truffle Cake, Berry Tart, Blueberry Tart, Gongolais Cookie
196, Truffle Cake, Gongolais Cookie
197, Marzipan Cookie, Tuile Cookie, Bottled Water, Vanilla Frappuccino
198, Truffle Cake, Gongolais Cookie
199, Chocolate Cake, Casino Cake, Chocolate Coffee
200, Chocolate Cake, Almond Tart, Almond Croissant
201, Blackberry Tart, Cheese Croissant, Orange Juice
202, Strawberry Cake, Napoleon Cake, Lemon Lemonade
203, Lemon Cake, Apple Danish
204, Raspberry Cookie, Lemon Cookie, Lemon Lemonade, Raspberry Lemonade
205, Chocolate Meringue, Marzipan Cookie, Tuile Cookie, Apricot Croissant
206, Coffee Eclair, Apple Pie, Almond Twist, Hot Coffee
207, Pecan Tart, Cherry Soda
208, Coffee Eclair, Apple Pie, Almond Twist, Hot Coffee
209, Napoleon Cake, Marzipan Cookie, Tuile Cookie
210, Coffee Eclair, Apple Pie, Almond Twist
211, Lemon Cake, Casino Cake, Napoleon Cake, Gongolais Cookie, Cherry Soda
212, Coffee Eclair, Marzipan Cookie, Blueberry Danish, Hot Coffee
213, Lemon Cake, Chocolate Eclair, Vanilla Eclair, Blackberry Tart, Cherry Tart, Lemon Tart, Ganache Cookie, Orange Juice
214, Raspberry Cookie, Lemon Cookie, Lemon Lemonade, Raspberry Lemonade
215, Strawberry Cake, Berry Tart, Pecan Tart, Apricot Croissant, Apple Danish, Bottled Water
216, Blueberry Tart, Apricot Croissant, Hot Coffee
217, Cherry Tart, Vanilla Meringue, Orange Juice, Hot Coffee
218, Casino Cake, Apple Pie, Raspberry Cookie
219, Apple Pie, Blackberry Tart, Apricot Danish
220, Apple Croissant, Blueberry Danish, Green Tea, Hot Coffee, Chocolate Coffee
221, Chocolate Cake, Casino Cake, Tuile Cookie, Lemon Lemonade, Chocolate Coffee
222, Apricot Tart, Lemon Cookie, Vanilla Meringue, Apricot Danish, Blueberry Danish, Vanilla Frappuccino
223, Coffee Eclair, Ganache Cookie, Raspberry Cookie, Almond Croissant, Apple Danish
224, Raspberry Cookie, Lemon Lemonade, Vanilla Frappuccino
225, Truffle Cake, Gongolais Cookie
226, Lemon Cake, Truffle Cake, Lemon Tart, Almond Croissant
227, Coffee Eclair, Blackberry Tart, Single Espresso
228, Coffee Eclair, Apple Pie, Almond Twist, Hot Coffee
229, Raspberry Cookie, Apple Croissant, Chocolate Croissant, Hot Coffee
230, Coffee Eclair, Walnut Cookie, Cherry Soda
231, Marzipan Cookie, Tuile Cookie
232, Lemon Cookie, Bottled Water
233, Strawberry Cake, Truffle Cake, Napoleon Cake, Blueberry Danish
234, Truffle Cake, Gongolais Cookie, Chocolate Meringue, Tuile Cookie, Chocolate Croissant, Chocolate Coffee
235, Raspberry Cookie, Apricot Croissant, Cherry Soda
236, Blueberry Tart, Orange Juice
237, Truffle Cake, Gongolais Cookie
238, Strawberry Cake, Napoleon Cake, Blackberry Tart, Chocolate Meringue
239, Lemon Cake, Apple Tart, Blueberry Tart, Chocolate Tart, Lemon Tart, Vanilla Meringue, Cherry Soda
240, Lemon Cake, Opera Cake, Blueberry Tart, Lemon Tart, Apricot Danish
241, Apple Pie, Apple Tart
242, Strawberry Cake, Napoleon Cake, Almond Tart, Apple Tart, Hot Coffee
243, Apple Tart, Apple Croissant, Apple Danish, Chocolate Coffee, Cherry Soda
244, Chocolate Tart, Tuile Cookie, Vanilla Frappuccino
245, Opera Cake, Cherry Tart, Apricot Danish
246, Strawberry Cake, Napoleon Cake
247, Coffee Eclair, Apple Pie, Almond Twist, Hot Coffee
248, Truffle Cake, Apple Tart, Gongolais Cookie
249, Chocolate Eclair, Berry Tart, Almond Bear Claw, Cherry Soda
250, Napoleon Cake, Almond Tart, Chocolate Croissant, Apple Danish, Orange Juice
251, Opera Cake, Cherry Tart, Apricot Danish
252, Opera Cake
253, Berry Tart, Marzipan Cookie
254, Chocolate Cake, Lemon Cake, Lemon Tart
255, Opera Cake, Cherry Tart, Lemon Cookie, Apricot Danish
256, Apple Tart, Apple Croissant, Apple Danish, Cherry Soda
257, Lemon Tart, Apple Croissant, Raspberry Lemonade
258, Lemon Cake, Apple Pie, Berry Tart, Apricot Croissant, Chocolate Croissant, Apricot Danish
259, Truffle Cake, Berry Tart, Tuile Cookie, Blueberry Danish, Single Espresso
260, Napoleon Cake, Berry Tart, Ganache Cookie, Chocolate Coffee
261, Chocolate Eclair
262, Truffle Cake, Gongolais Cookie, Apple Croissant
263, Apple Pie, Lemon Lemonade
264, Chocolate Cake, Casino Cake, Chocolate Coffee
265, Raspberry Cookie, Lemon Cookie, Lemon Lemonade, Raspberry Lemonade, Green Tea
266, Opera Cake, Berry Tart, Raspberry Cookie, Bottled Water
267, Cherry Tart, Gongolais Cookie, Orange Juice, Single Espresso
268, Opera Cake, Lemon Cookie
269, Apple Tart, Apple Croissant, Apple Danish, Cherry Soda
270, Pecan Tart, Chocolate Meringue, Marzipan Cookie
271, Blackberry Tart, Almond Croissant, Blueberry Danish
272, Coffee Eclair, Blackberry Tart, Single Espresso
273, Apple Tart, Apple Croissant, Apple Danish, Cherry Soda
274, Blueberry Tart, Cherry Tart, Apricot Croissant, Orange Juice
275, Marzipan Cookie, Apple Croissant, Cheese Croissant, Orange Juice
276, Truffle Cake, Napoleon Cake, Gongolais Cookie, Green Tea
277, Casino Cake, Strawberry Cake, Apple Danish, Lemon Lemonade, Raspberry Lemonade, Cherry Soda
278, Lemon Tart, Tuile Cookie, Almond Croissant, Apricot Croissant
279, Casino Cake, Apple Croissant, Blueberry Danish, Bottled Water
280, Lemon Cake, Casino Cake, Lemon Tart, Ganache Cookie, Raspberry Cookie, Tuile Cookie, Hot Coffee
281, Coffee Eclair, Almond Tart, Berry Tart, Blueberry Tart, Raspberry Cookie, Apricot Croissant, Hot Coffee
282, Strawberry Cake, Napoleon Cake, Berry Tart, Apple Danish, Bottled Water
283, Ganache Cookie, Walnut Cookie
284, Napoleon Cake, Apricot Tart, Chocolate Tart, Chocolate Coffee
285, Almond Bear Claw, Blueberry Danish
286, Lemon Cake, Vanilla Eclair, Lemon Tart
287, Chocolate Cake, Cheese Croissant, Orange Juice
288, Casino Cake, Cheese Croissant, Apple Danish, Vanilla Frappuccino
289, Apple Tart, Apple Croissant, Apple Danish
290, Tuile Cookie
291, Blueberry Tart, Marzipan Cookie, Tuile Cookie
292, Coffee Eclair, Blackberry Tart, Single Espresso
293, Vanilla Eclair, Ganache Cookie, Lemon Cookie, Cheese Croissant, Chocolate Croissant, Lemon Lemonade, Orange Juice, Bottled Water
294, Lemon Cake, Berry Tart, Vanilla Meringue, Apricot Croissant, Raspberry Lemonade
295, Raspberry Cookie, Cheese Croissant, Orange Juice
296, Berry Tart, Ganache Cookie, Raspberry Cookie, Lemon Cookie
297, Chocolate Cake, Casino Cake, Chocolate Coffee
298, Apple Pie, Walnut Cookie
299, Lemon Cake, Raspberry Cookie, Cheese Croissant, Orange Juice, Vanilla Frappuccino
300, Blueberry Tart, Apricot Croissant, Hot Coffee
301, Opera Cake, Strawberry Cake, Napoleon Cake, Cheese Croissant, Almond Twist, Green Tea
302, Lemon Tart, Chocolate Meringue, Almond Croissant, Green Tea, Chocolate Coffee
303, Chocolate Cake, Casino Cake, Chocolate Coffee
304, Blueberry Tart, Chocolate Tart, Chocolate Croissant
305, Truffle Cake, Ganache Cookie, Gongolais Cookie, Chocolate Meringue, Marzipan Cookie, Apple Croissant, Orange Juice
306, Truffle Cake, Apple Tart, Blueberry Tart, Apple Croissant, Apple Danish
307, Vanilla Eclair, Gongolais Cookie, Orange Juice
308, Opera Cake, Marzipan Cookie, Apple Danish
309, Blueberry Tart, Apricot Croissant, Hot Coffee
310, Apple Tart, Apple Croissant, Apple Danish, Cherry Soda
311, Truffle Cake, Gongolais Cookie
312, Coffee Eclair, Apple Pie, Almond Twist, Hot Coffee
313, Napoleon Cake, Apricot Tart, Pecan Tart, Ganache Cookie, Lemon Cookie, Blueberry Danish, Raspberry Lemonade, Hot Coffee
314, Lemon Cake, Napoleon Cake, Blackberry Tart, Lemon Cookie, Almond Twist
315, Strawberry Cake, Napoleon Cake
316, Cherry Tart, Apricot Danish, Hot Coffee
317, Chocolate Cake, Casino Cake, Chocolate Coffee
318, Truffle Cake, Almond Tart, Berry Tart, Vanilla Frappuccino
319, Lemon Cake, Strawberry Cake, Almond Tart, Berry Tart, Chocolate Meringue, Apple Danish, Single Espresso
320, Apple Tart, Chocolate Croissant
321, Coffee Eclair, Blackberry Tart, Single Espresso
322, Raspberry Cookie, Tuile Cookie
323, Lemon Cake, Lemon Tart
324, Chocolate Cake, Casino Cake, Chocolate Coffee
325, Lemon Cake, Casino Cake, Lemon Tart
326, Coffee Eclair, Apple Pie, Almond Twist, Hot Coffee
327, Walnut Cookie, Cheese Croissant, Almond Bear Claw, Hot Coffee, Cherry Soda
328, Strawberry Cake, Napoleon Cake, Lemon Cookie
329, Lemon Cake, Lemon Tart, Raspberry Cookie, Almond Croissant, Bottled Water
330, Truffle Cake, Apricot Tart
331, Apple Tart, Apple Croissant, Apple Danish, Cherry Soda
332, Chocolate Cake, Casino Cake, Chocolate Coffee
333, Truffle Cake, Berry Tart, Pecan Tart, Lemon Cookie, Tuile Cookie, Apple Croissant, Blueberry Danish, Chocolate Coffee
334, Strawberry Cake, Napoleon Cake, Apricot Tart, Cheese Croissant, Green Tea, Chocolate Coffee
335, Truffle Cake, Berry Tart, Gongolais Cookie, Walnut Cookie
336, Casino Cake, Vanilla Eclair, Almond Tart, Lemon Tart, Apricot Danish, Hot Coffee
337, Berry Tart, Lemon Cookie, Chocolate Croissant, Bottled Water
338, Truffle Cake, Gongolais Cookie, Tuile Cookie, Almond Croissant, Vanilla Frappuccino
339, Chocolate Cake, Tuile Cookie, Vanilla Frappuccino
340, Coffee Eclair, Blackberry Tart, Single Espresso
341, Truffle Cake, Napoleon Cake, Tuile Cookie, Raspberry Lemonade
342, Lemon Cake, Coffee Eclair, Apple Pie, Almond Twist
343, Vanilla Meringue
344, Bottled Water
345, Chocolate Cake, Casino Cake, Chocolate Coffee
346, Truffle Cake, Almond Tart, Vanilla Meringue, Almond Croissant
347, Vanilla Eclair, Apple Tart, Berry Tart, Cheese Croissant, Bottled Water, Vanilla Frappuccino
348, Opera Cake, Strawberry Cake, Marzipan Cookie, Orange Juice
349, Napoleon Cake, Apple Pie, Lemon Lemonade, Hot Coffee
350, Opera Cake, Strawberry Cake, Napoleon Cake, Apple Pie, Apple Tart, Vanilla Frappuccino
351, Truffle Cake, Gongolais Cookie, Apricot Danish
352, Vanilla Meringue, Walnut Cookie, Hot Coffee
353, Strawberry Cake, Napoleon Cake, Apple Croissant
354, Chocolate Cake, Apricot Tart, Marzipan Cookie, Tuile Cookie, Apple Croissant, Apple Danish
355, Chocolate Tart, Apricot Croissant, Vanilla Frappuccino
356, Lemon Cake, Apple Croissant, Raspberry Lemonade
357, Berry Tart, Green Tea, Bottled Water
358, Cherry Tart, Apricot Danish
359, Truffle Cake, Almond Tart, Blueberry Tart
360, Cheese Croissant, Almond Twist
361, Strawberry Cake, Almond Croissant, Apple Croissant
362, Napoleon Cake, Berry Tart, Chocolate Meringue
363, Berry Tart, Bottled Water
364, Raspberry Cookie, Marzipan Cookie, Tuile Cookie
365, Napoleon Cake, Cherry Tart, Gongolais Cookie
366, Truffle Cake, Vanilla Eclair, Gongolais Cookie
367, Almond Tart, Walnut Cookie
368, Opera Cake, Blackberry Tart, Blueberry Tart, Pecan Tart, Cheese Croissant, Hot Coffee
369, Strawberry Cake, Vanilla Eclair, Apple Tart, Chocolate Meringue, Chocolate Croissant
370, Napoleon Cake, Vanilla Meringue, Tuile Cookie
371, Coffee Eclair, Napoleon Cake, Blackberry Tart, Single Espresso
372, Opera Cake, Cherry Soda, Single Espresso
373, Truffle Cake, Ganache Cookie, Almond Croissant, Apple Croissant, Green Tea
374, Strawberry Cake, Napoleon Cake
375, Lemon Cake, Lemon Tart, Tuile Cookie
376, Strawberry Cake, Napoleon Cake, Vanilla Meringue, Cheese Croissant, Vanilla Frappuccino
377, Lemon Cake, Apricot Tart, Lemon Tart, Raspberry Lemonade
378, Blackberry Tart, Cherry Tart, Raspberry Lemonade
379, Berry Tart, Tuile Cookie, Cherry Soda
380, Truffle Cake, Gongolais Cookie, Vanilla Frappuccino
381, Single Espresso
382, Coffee Eclair, Blackberry Tart, Single Espresso
383, Vanilla Eclair, Tuile Cookie, Vanilla Frappuccino
384, Vanilla Eclair, Chocolate Meringue, Walnut Cookie
385, Chocolate Cake, Strawberry Cake, Almond Tart, Ganache Cookie
386, Raspberry Lemonade
387, Truffle Cake, Raspberry Cookie, Vanilla Meringue, Bottled Water
388, Chocolate Meringue
389, Strawberry Cake, Napoleon Cake
390, Apple Tart, Chocolate Tart, Vanilla Meringue, Walnut Cookie, Apple Croissant, Vanilla Frappuccino
391, Opera Cake, Cherry Tart, Apricot Danish
392, Coffee Eclair, Apple Pie, Chocolate Croissant, Almond Twist, Hot Coffee
393, Napoleon Cake, Apricot Tart, Cherry Tart, Raspberry Cookie, Chocolate Meringue, Cheese Croissant, Lemon Lemonade
394, Blackberry Tart
395, Truffle Cake, Chocolate Tart, Gongolais Cookie, Lemon Lemonade, Cherry Soda
396, Raspberry Cookie, Cheese Croissant, Chocolate Coffee
397, Coffee Eclair, Blackberry Tart, Single Espresso
398, Blueberry Tart, Apricot Croissant, Hot Coffee
399, Coffee Eclair, Blackberry Tart, Single Espresso
400, Lemon Cake, Cherry Soda
401, Casino Cake
402, Apple Danish, Blueberry Danish, Single Espresso
403, Opera Cake, Strawberry Cake, Almond Tart
404, Chocolate Croissant, Apple Danish
405, Coffee Eclair, Chocolate Tart, Chocolate Croissant, Apricot Danish, Chocolate Coffee
406, Truffle Cake, Gongolais Cookie
407, Apricot Croissant, Chocolate Croissant, Apple Danish, Orange Juice
408, Berry Tart, Chocolate Coffee
409, Opera Cake, Cherry Tart, Walnut Cookie, Apricot Danish, Almond Twist, Cherry Soda
410, Marzipan Cookie, Cheese Croissant, Orange Juice
411, Marzipan Cookie, Tuile Cookie
412, Marzipan Cookie, Tuile Cookie
413, Strawberry Cake, Napoleon Cake, Apricot Tart, Ganache Cookie
414, Lemon Cake, Truffle Cake, Coffee Eclair, Almond Tart, Ganache Cookie, Gongolais Cookie, Almond Croissant, Apple Croissant
415, Coffee Eclair, Blackberry Tart, Single Espresso
416, Strawberry Cake, Truffle Cake, Berry Tart, Raspberry Cookie, Orange Juice
417, Chocolate Tart, Walnut Cookie, Vanilla Frappuccino
418, Almond Croissant
419, Truffle Cake, Cheese Croissant, Orange Juice
420, Marzipan Cookie, Tuile Cookie, Apple Croissant
421, Coffee Eclair, Blackberry Tart, Single Espresso
422, Blueberry Tart, Apricot Croissant, Hot Coffee
423, Lemon Cake, Casino Cake, Vanilla Eclair, Chocolate Meringue, Apricot Croissant
424, Apple Tart, Apricot Tart
425, Blueberry Tart, Bottled Water
426, Chocolate Cake, Chocolate Tart, Lemon Cookie
427, Vanilla Meringue
428, Strawberry Cake, Almond Tart, Marzipan Cookie, Tuile Cookie, Green Tea
429, Berry Tart
430, Strawberry Cake, Lemon Tart, Vanilla Frappuccino
431, Cheese Croissant, Orange Juice
432, Vanilla Frappuccino
433, Vanilla Eclair, Chocolate Tart, Raspberry Cookie, Walnut Cookie, Green Tea, Vanilla Frappuccino
434, Chocolate Cake, Truffle Cake, Cheese Croissant, Chocolate Coffee
435, Napoleon Cake, Cherry Tart, Apricot Danish, Almond Bear Claw, Lemon Lemonade, Vanilla Frappuccino
436, Casino Cake, Strawberry Cake, Apple Pie, Blueberry Danish
437, Strawberry Cake, Truffle Cake, Napoleon Cake, Raspberry Cookie, Lemon Cookie
438, Strawberry Cake, Lemon Cookie, Apricot Croissant
439, Vanilla Eclair, Vanilla Frappuccino
440, Casino Cake, Lemon Tart
441, Casino Cake, Strawberry Cake, Napoleon Cake, Lemon Lemonade
442, Chocolate Cake, Casino Cake, Chocolate Coffee
443, Apple Pie, Lemon Tart, Cheese Croissant, Orange Juice
444, Blueberry Tart, Apricot Croissant, Hot Coffee
445, Truffle Cake, Coffee Eclair, Gongolais Cookie, Apricot Croissant, Orange Juice
446, Strawberry Cake, Cheese Croissant, Vanilla Frappuccino
447, Lemon Tart, Marzipan Cookie, Apple Danish
448, Lemon Cake, Tuile Cookie, Lemon Lemonade
449, Raspberry Cookie
450, Strawberry Cake, Napoleon Cake, Apple Croissant, Cheese Croissant
451, Strawberry Cake, Tuile Cookie, Vanilla Frappuccino
452, Chocolate Meringue, Marzipan Cookie, Chocolate Croissant, Single Espresso
453, Opera Cake, Cherry Tart, Apricot Danish
454, Napoleon Cake, Marzipan Cookie, Tuile Cookie
455, Berry Tart, Blackberry Tart, Apricot Danish, Apple Danish
456, Berry Tart, Marzipan Cookie, Tuile Cookie
457, Apple Tart, Blueberry Tart, Chocolate Croissant
458, Chocolate Cake, Casino Cake, Apricot Tart, Cherry Tart, Lemon Cookie, Apple Danish, Chocolate Coffee, Vanilla Frappuccino
459, Berry Tart, Apricot Croissant, Bottled Water
460, Blueberry Tart, Apricot Croissant, Hot Coffee
461, Casino Cake, Vanilla Eclair, Blueberry Tart
462, Coffee Eclair, Blackberry Tart, Single Espresso
463, Berry Tart, Vanilla Meringue, Almond Croissant, Blueberry Danish, Bottled Water
464, Lemon Cake, Raspberry Cookie, Apricot Croissant
465, Chocolate Cake, Apple Tart, Pecan Tart, Gongolais Cookie, Single Espresso
466, Blueberry Tart, Pecan Tart, Apricot Croissant, Single Espresso
467, Raspberry Cookie, Lemon Cookie, Lemon Lemonade, Raspberry Lemonade
468, Lemon Cake, Opera Cake, Walnut Cookie, Raspberry Lemonade, Orange Juice, Green Tea, Chocolate Coffee
469, Truffle Cake, Blueberry Tart, Chocolate Meringue, Cherry Soda
470, Chocolate Tart, Walnut Cookie, Vanilla Frappuccino
471, Apple Pie, Blueberry Tart, Apricot Croissant, Hot Coffee
472, Strawberry Cake, Napoleon Cake, Apricot Tart
473, Chocolate Tart, Vanilla Frappuccino
474, Apple Pie, Apricot Croissant
475, Apple Tart, Cheese Croissant, Orange Juice, Chocolate Coffee
476, Raspberry Cookie, Lemon Cookie, Lemon Lemonade, Raspberry Lemonade
477, Napoleon Cake, Apricot Tart, Berry Tart, Cheese Croissant, Almond Bear Claw, Single Espresso
478, Berry Tart, Blackberry Tart, Vanilla Meringue, Vanilla Frappuccino
479, Opera Cake, Cherry Tart, Apricot Danish
480, Opera Cake, Ganache Cookie, Bottled Water
481, Opera Cake, Chocolate Coffee
482, Napoleon Cake
483, Blueberry Tart, Lemon Cookie, Almond Croissant, Apple Croissant, Cherry Soda
484, Lemon Tart
485, Cheese Croissant, Orange Juice
486, Strawberry Cake, Chocolate Croissant
487, Raspberry Cookie, Lemon Cookie, Lemon Lemonade, Raspberry Lemonade, Green Tea
488, Truffle Cake, Gongolais Cookie
489, Almond Tart, Apple Croissant
490, Strawberry Cake, Chocolate Tart, Lemon Lemonade, Vanilla Frappuccino
491, Blueberry Danish, Vanilla Frappuccino
492, Berry Tart, Blackberry Tart, Apple Croissant
493, Truffle Cake, Vanilla Meringue, Cheese Croissant, Orange Juice, Bottled Water
494, Apricot Tart, Almond Croissant, Almond Bear Claw
495, Casino Cake, Opera Cake, Cherry Tart, Apricot Danish, Vanilla Frappuccino
496, Apple Tart, Apple Croissant, Apple Danish, Cherry Soda
497, Chocolate Tart, Marzipan Cookie, Tuile Cookie
498, Chocolate Tart, Walnut Cookie, Vanilla Frappuccino
499, Berry Tart, Bottled Water
500, Chocolate Cake, Casino Cake, Chocolate Coffee
501, Chocolate Cake, Ganache Cookie, Cheese Croissant, Blueberry Danish
502, Berry Tart, Marzipan Cookie, Bottled Water
503, Apple Tart, Apple Croissant, Apple Danish
504, Truffle Cake, Cherry Tart
505, Coffee Eclair, Apple Pie, Almond Twist, Hot Coffee
506, Chocolate Cake, Pecan Tart
507, Raspberry Cookie, Almond Croissant
508, Chocolate Cake, Berry Tart, Blueberry Tart, Apricot Croissant
509, Vanilla Eclair
510, Apricot Tart, Vanilla Meringue, Marzipan Cookie, Tuile Cookie, Chocolate Coffee
511, Strawberry Cake, Napoleon Cake, Apple Tart, Chocolate Tart, Almond Twist
512, Almond Tart, Pecan Tart, Almond Twist
513, Opera Cake, Coffee Eclair, Apple Pie, Ganache Cookie, Raspberry Cookie
514, Ganache Cookie, Apple Croissant, Apricot Croissant
515, Chocolate Cake, Lemon Cake, Truffle Cake, Raspberry Cookie, Apricot Croissant, Orange Juice, Bottled Water
516, Chocolate Cake, Casino Cake, Chocolate Coffee
517, Chocolate Croissant, Almond Twist, Vanilla Frappuccino
518, Blueberry Tart, Tuile Cookie, Apricot Croissant, Hot Coffee
519, Opera Cake, Cherry Tart, Apricot Danish
520, Chocolate Cake, Truffle Cake, Raspberry Cookie, Cheese Croissant, Apricot Danish, Chocolate Coffee, Cherry Soda
521, Berry Tart, Tuile Cookie, Walnut Cookie, Bottled Water
522, Apricot Tart, Blackberry Tart, Lemon Cookie
523, Vanilla Eclair, Gongolais Cookie, Raspberry Cookie
524, Apple Pie, Berry Tart, Vanilla Meringue, Tuile Cookie, Raspberry Lemonade, Green Tea, Hot Coffee
525, Gongolais Cookie, Blueberry Danish
526, Coffee Eclair, Apple Pie, Almond Twist, Hot Coffee
527, Chocolate Cake, Casino Cake, Blackberry Tart, Blueberry Tart, Gongolais Cookie, Apricot Danish, Chocolate Coffee
528, Raspberry Lemonade, Orange Juice
529, Chocolate Eclair, Napoleon Cake, Almond Croissant
530, Strawberry Cake, Apricot Tart, Almond Twist, Hot Coffee, Single Espresso
531, Chocolate Cake, Blueberry Tart
532, Berry Tart, Marzipan Cookie, Tuile Cookie, Almond Twist, Cherry Soda
533, Apricot Tart, Tuile Cookie
534, Apricot Tart, Cherry Tart
535, Berry Tart, Walnut Cookie, Apple Croissant, Apricot Danish, Raspberry Lemonade, Single Espresso
536, Blackberry Tart, Chocolate Croissant, Chocolate Coffee, Cherry Soda
537, Blackberry Tart, Tuile Cookie
538, Opera Cake, Cherry Tart, Apricot Danish
539, Apple Tart, Apple Croissant, Apple Danish, Cherry Soda
540, Cheese Croissant, Apricot Danish, Orange Juice
541, Blueberry Tart, Apricot Croissant, Hot Coffee
542, Coffee Eclair, Napoleon Cake, Blackberry Tart, Green Tea
543, Coffee Eclair, Apple Pie, Almond Twist, Hot Coffee
544, Apple Tart, Apple Croissant, Apple Danish, Cherry Soda
545, Berry Tart
546, Truffle Cake, Vanilla Eclair, Berry Tart, Ganache Cookie, Cheese Croissant, Almond Bear Claw
547, Chocolate Cake, Opera Cake, Almond Tart, Almond Bear Claw, Lemon Lemonade
548, Almond Tart, Berry Tart, Cherry Tart, Vanilla Frappuccino
549, Apple Pie, Almond Twist, Almond Bear Claw
550, Lemon Cake, Opera Cake, Cherry Tart, Lemon Tart, Apricot Danish
551, Opera Cake, Truffle Cake, Gongolais Cookie
552, Napoleon Cake, Lemon Cookie, Marzipan Cookie, Chocolate Croissant
553, Strawberry Cake, Coffee Eclair, Napoleon Cake
554, Chocolate Cake, Apple Tart, Apricot Danish
555, Tuile Cookie, Walnut Cookie, Almond Twist
556, Napoleon Cake, Apple Pie, Tuile Cookie, Cheese Croissant, Raspberry Lemonade
557, Berry Tart, Bottled Water
558, Strawberry Cake, Apple Pie, Raspberry Lemonade, Green Tea
559, Chocolate Tart, Vanilla Frappuccino
560, Blueberry Tart, Pecan Tart, Marzipan Cookie, Apricot Croissant, Hot Coffee
561, Casino Cake, Berry Tart, Orange Juice
562, Strawberry Cake, Napoleon Cake, Ganache Cookie, Green Tea
563, Chocolate Tart, Walnut Cookie, Vanilla Frappuccino
564, Raspberry Cookie, Tuile Cookie, Cheese Croissant, Orange Juice
565, Chocolate Eclair, Chocolate Coffee
566, Opera Cake, Cherry Tart, Apricot Danish
567, Truffle Cake, Napoleon Cake, Berry Tart, Cherry Tart, Lemon Lemonade
568, Strawberry Cake, Napoleon Cake, Chocolate Croissant
569, Apricot Tart, Berry Tart, Green Tea, Bottled Water
570, Marzipan Cookie, Tuile Cookie
571, Blueberry Tart, Apricot Croissant
572, Chocolate Eclair, Berry Tart, Gongolais Cookie
573, Chocolate Cake, Almond Tart, Raspberry Lemonade
574, Chocolate Cake, Cherry Tart, Marzipan Cookie, Apple Croissant, Chocolate Croissant, Almond Twist, Blueberry Danish, Vanilla Frappuccino
575, Truffle Cake, Coffee Eclair, Gongolais Cookie
576, Strawberry Cake, Coffee Eclair
577, Coffee Eclair, Blackberry Tart, Single Espresso
578, Strawberry Cake, Blackberry Tart
579, Lemon Cake, Blueberry Tart, Cherry Tart, Pecan Tart, Chocolate Meringue, Walnut Cookie, Apple Danish, Chocolate Coffee
580, Apricot Tart, Almond Croissant, Orange Juice
581, Lemon Cookie, Chocolate Meringue, Apple Croissant
582, Strawberry Cake, Coffee Eclair, Blackberry Tart, Cherry Tart
583, Truffle Cake, Gongolais Cookie
584, Tuile Cookie
585, Raspberry Cookie, Cheese Croissant, Orange Juice
586, Bottled Water
587, Blackberry Tart, Lemon Tart, Marzipan Cookie, Tuile Cookie
588, Chocolate Cake, Apple Pie, Cherry Tart, Raspberry Cookie, Vanilla Frappuccino
589, Truffle Cake, Gongolais Cookie
590, Coffee Eclair, Apple Pie, Almond Twist
591, Coffee Eclair, Apple Pie, Almond Twist, Hot Coffee
592, Chocolate Eclair, Blueberry Tart, Cheese Croissant, Blueberry Danish, Orange Juice
593, Raspberry Cookie, Lemon Cookie, Lemon Lemonade, Raspberry Lemonade
594, Chocolate Cake, Napoleon Cake, Almond Croissant, Apple Croissant
595, Lemon Cake, Apricot Croissant, Cherry Soda
596, Casino Cake, Marzipan Cookie, Tuile Cookie, Green Tea
597, Lemon Cake, Lemon Tart
598, Apricot Danish
599, Opera Cake, Almond Tart, Cherry Tart, Apricot Danish
600, Strawberry Cake, Napoleon Cake, Apple Tart, Cherry Soda
601, Lemon Cake, Chocolate Eclair, Lemon Tart
602, Coffee Eclair, Blackberry Tart, Single Espresso
603, Pecan Tart, Gongolais Cookie, Marzipan Cookie
604, Apricot Tart
605, Blackberry Tart, Blueberry Tart, Vanilla Meringue
606, Opera Cake, Cherry Tart, Apricot Danish
607, Lemon Tart
608, Truffle Cake, Gongolais Cookie
609, Lemon Cake, Lemon Tart
610, Apple Tart, Apple Danish, Almond Twist, Blueberry Danish
611, Casino Cake, Opera Cake, Almond Tart, Chocolate Croissant
612, Almond Croissant, Bottled Water
613, Apricot Tart, Pecan Tart, Gongolais Cookie, Vanilla Frappuccino
614, Strawberry Cake, Apple Tart, Vanilla Meringue, Hot Coffee
615, Apricot Tart, Marzipan Cookie, Apricot Danish, Apple Danish
616, Chocolate Cake, Casino Cake, Chocolate Coffee
617, Coffee Eclair, Almond Tart
618, Lemon Cake, Casino Cake, Chocolate Croissant, Blueberry Danish
619, Coffee Eclair, Apple Pie, Almond Twist, Hot Coffee
620, Blueberry Danish, Green Tea, Bottled Water
621, Opera Cake, Berry Tart, Almond Croissant
622, Casino Cake, Apple Tart, Almond Croissant, Apricot Croissant, Single Espresso
623, Lemon Cake, Lemon Tart, Apricot Croissant
624, Almond Tart, Ganache Cookie, Tuile Cookie, Apple Croissant
625, Napoleon Cake, Chocolate Tart, Marzipan Cookie, Tuile Cookie, Hot Coffee
626, Almond Tart, Apple Pie, Blueberry Tart, Apricot Croissant
627, Apple Tart, Apple Croissant, Apple Danish, Cherry Soda
628, Opera Cake, Cherry Tart, Walnut Cookie, Apricot Danish, Lemon Lemonade
629, Raspberry Cookie, Lemon Cookie, Lemon Lemonade, Raspberry Lemonade, Green Tea
630, Berry Tart, Chocolate Tart, Walnut Cookie, Bottled Water, Vanilla Frappuccino
631, Almond Bear Claw
632, Chocolate Cake, Casino Cake, Chocolate Coffee
633, Opera Cake, Cherry Tart, Pecan Tart, Apricot Danish
634, Chocolate Tart, Walnut Cookie, Green Tea, Vanilla Frappuccino
635, Chocolate Cake, Chocolate Eclair, Lemon Tart, Vanilla Meringue, Green Tea
636, Opera Cake, Cherry Tart, Apricot Danish
637, Truffle Cake, Ganache Cookie, Vanilla Meringue, Marzipan Cookie, Tuile Cookie, Blueberry Danish, Orange Juice, Single Espresso
638, Apple Tart, Apple Croissant, Apple Danish, Cherry Soda
639, Chocolate Cake, Casino Cake, Almond Croissant, Chocolate Coffee, Vanilla Frappuccino
640, Truffle Cake, Gongolais Cookie, Cheese Croissant
641, Berry Tart, Cheese Croissant, Orange Juice
642, Chocolate Cake, Almond Croissant, Green Tea, Chocolate Coffee
643, Apple Pie, Chocolate Tart, Apricot Danish, Vanilla Frappuccino
644, Chocolate Cake, Casino Cake, Chocolate Coffee
645, Blueberry Tart, Apricot Croissant, Hot Coffee
646, Pecan Tart, Almond Twist, Blueberry Danish, Orange Juice
647, Berry Tart, Almond Croissant, Bottled Water
648, Apple Danish, Blueberry Danish
649, Lemon Cake, Chocolate Tart, Chocolate Meringue, Almond Twist, Raspberry Lemonade, Single Espresso
650, Almond Croissant, Apple Danish, Bottled Water
651, Apple Tart, Apple Croissant, Apple Danish, Cherry Soda
652, Lemon Cookie, Marzipan Cookie, Tuile Cookie, Chocolate Croissant, Blueberry Danish, Hot Coffee, Cherry Soda
653, Chocolate Cake, Almond Twist, Chocolate Coffee
654, Cherry Tart, Chocolate Meringue, Bottled Water
655, Strawberry Cake, Napoleon Cake
656, Truffle Cake, Gongolais Cookie
657, Cheese Croissant, Orange Juice
658, Chocolate Cake, Vanilla Meringue, Marzipan Cookie, Tuile Cookie
659, Truffle Cake
660, Casino Cake, Gongolais Cookie, Cheese Croissant, Orange Juice
661, Coffee Eclair, Blackberry Tart, Single Espresso
662, Strawberry Cake, Napoleon Cake, Apricot Tart, Chocolate Tart, Almond Twist
663, Truffle Cake, Gongolais Cookie, Apricot Danish, Almond Bear Claw, Vanilla Frappuccino
664, Chocolate Cake, Casino Cake, Chocolate Coffee
665, Marzipan Cookie, Tuile Cookie, Blueberry Danish, Orange Juice
666, Apple Tart, Apple Croissant, Apple Danish, Cherry Soda
667, Marzipan Cookie, Tuile Cookie
668, Blueberry Tart, Apricot Croissant, Hot Coffee, Single Espresso
669, Ganache Cookie, Lemon Lemonade
670, Truffle Cake, Gongolais Cookie, Cherry Soda
671, Raspberry Cookie, Cheese Croissant, Blueberry Danish, Orange Juice, Hot Coffee
672, Lemon Cake, Coffee Eclair, Chocolate Meringue
673, Cheese Croissant, Orange Juice
674, Blueberry Tart, Lemon Tart, Apricot Croissant, Almond Bear Claw, Hot Coffee
675, Coffee Eclair, Raspberry Cookie, Almond Croissant, Chocolate Coffee
676, Orange Juice
677, Casino Cake, Almond Tart, Raspberry Cookie, Orange Juice
678, Vanilla Meringue, Almond Croissant, Cherry Soda
679, Coffee Eclair, Blackberry Tart, Single Espresso
680, Apple Tart, Chocolate Meringue, Blueberry Danish, Cherry Soda
681, Blueberry Tart, Chocolate Tart, Cheese Croissant, Vanilla Frappuccino, Single Espresso
682, Single Espresso
683, Marzipan Cookie, Hot Coffee
684, Lemon Cake, Apple Pie, Ganache Cookie, Orange Juice, Green Tea
685, Vanilla Eclair, Napoleon Cake, Gongolais Cookie
686, Marzipan Cookie, Tuile Cookie
687, Chocolate Cake, Casino Cake, Vanilla Meringue, Green Tea, Chocolate Coffee
688, Blueberry Tart, Apricot Croissant, Hot Coffee
689, Almond Tart, Gongolais Cookie, Blueberry Danish
690, Coffee Eclair, Apple Pie, Berry Tart, Cherry Tart, Raspberry Cookie
691, Truffle Cake, Gongolais Cookie, Green Tea
692, Chocolate Tart, Raspberry Cookie, Walnut Cookie, Vanilla Frappuccino
693, Lemon Cake, Casino Cake, Blackberry Tart, Lemon Tart
694, Coffee Eclair, Apple Pie, Almond Twist, Hot Coffee
695, Truffle Cake, Apple Tart, Gongolais Cookie, Bottled Water
696, Vanilla Eclair, Apple Pie, Gongolais Cookie, Almond Twist
697, Pecan Tart, Walnut Cookie
698, Coffee Eclair, Napoleon Cake, Apple Pie, Apricot Tart, Almond Twist, Blueberry Danish, Hot Coffee
699, Coffee Eclair, Apple Pie, Almond Twist, Hot Coffee
700, Opera Cake, Apple Danish, Orange Juice, Single Espresso
701, Blueberry Tart, Apricot Croissant, Hot Coffee
702, Ganache Cookie, Apricot Danish
703, Chocolate Cake, Casino Cake, Chocolate Coffee
704, Almond Tart, Cherry Tart, Bottled Water
705, Chocolate Eclair, Blackberry Tart, Ganache Cookie, Marzipan Cookie, Tuile Cookie, Chocolate Croissant, Raspberry Lemonade, Chocolate Coffee
706, Coffee Eclair, Apple Pie, Almond Twist, Hot Coffee
707, Blueberry Tart, Lemon Lemonade
708, Almond Twist, Green Tea
709, Coffee Eclair, Blackberry Tart, Walnut Cookie, Single Espresso
710, Apple Tart, Apple Croissant, Apple Danish, Cherry Soda
711, Truffle Cake, Gongolais Cookie, Lemon Cookie
712, Apple Tart, Apricot Tart, Berry Tart, Apricot Croissant
713, Strawberry Cake, Truffle Cake, Napoleon Cake, Apricot Croissant
714, Almond Tart, Lemon Lemonade, Bottled Water
715, Opera Cake, Cherry Tart, Apricot Danish
716, Lemon Cake, Apricot Tart, Pecan Tart, Apple Croissant, Hot Coffee
717, Almond Twist, Vanilla Frappuccino, Cherry Soda
718, Strawberry Cake, Napoleon Cake
719, Lemon Cake, Lemon Tart
720, Strawberry Cake, Apple Tart, Apple Croissant
721, Almond Tart, Cheese Croissant
722, Berry Tart, Bottled Water
723, Truffle Cake, Blackberry Tart, Chocolate Croissant
724, Raspberry Cookie, Apple Danish
725, Truffle Cake, Walnut Cookie, Apricot Croissant, Apricot Danish, Orange Juice
726, Opera Cake, Apple Pie, Walnut Cookie
727, Strawberry Cake, Chocolate Eclair, Vanilla Eclair, Almond Tart, Cherry Tart, Gongolais Cookie, Apricot Danish, Almond Twist
728, Ganache Cookie, Lemon Cookie, Marzipan Cookie
729, Cheese Croissant, Blueberry Danish
730, Marzipan Cookie, Tuile Cookie
731, Chocolate Eclair, Almond Tart, Bottled Water
732, Gongolais Cookie
733, Chocolate Cake, Chocolate Coffee
734, Blueberry Tart, Apricot Croissant, Hot Coffee
735, Opera Cake, Napoleon Cake, Almond Twist, Orange Juice, Bottled Water
736, Lemon Tart, Ganache Cookie, Raspberry Cookie, Marzipan Cookie, Almond Croissant
737, Truffle Cake, Lemon Tart, Almond Croissant
738, Truffle Cake, Blackberry Tart, Lemon Tart, Gongolais Cookie, Raspberry Cookie
739, Truffle Cake, Gongolais Cookie
740, Opera Cake, Cherry Tart, Apricot Danish
741, Chocolate Tart, Walnut Cookie, Vanilla Frappuccino
742, Apple Tart, Vanilla Meringue, Apple Croissant, Apple Danish, Raspberry Lemonade, Cherry Soda
743, Opera Cake, Cherry Tart, Apricot Danish
744, Almond Tart
745, Coffee Eclair, Blackberry Tart
746, Tuile Cookie, Green Tea, Single Espresso
747, Apple Tart, Marzipan Cookie, Tuile Cookie
748, Lemon Cake, Lemon Tart
749, Chocolate Tart, Ganache Cookie
750, Chocolate Cake, Cherry Tart, Lemon Cookie, Green Tea, Cherry Soda
751, Blueberry Tart, Apricot Croissant, Hot Coffee
752, Chocolate Cake, Apple Pie, Cheese Croissant
753, Opera Cake
754, Napoleon Cake, Blackberry Tart, Lemon Lemonade
755, Apple Tart, Almond Croissant, Single Espresso
756, Hot Coffee
757, Raspberry Cookie, Lemon Cookie, Lemon Lemonade, Raspberry Lemonade, Green Tea
758, Berry Tart, Lemon Lemonade, Bottled Water
759, Blackberry Tart, Raspberry Lemonade, Vanilla Frappuccino
760, Marzipan Cookie, Tuile Cookie, Walnut Cookie
761, Chocolate Cake, Casino Cake, Raspberry Cookie, Chocolate Coffee
762, Coffee Eclair, Vanilla Eclair, Apple Pie, Pecan Tart
763, Chocolate Eclair, Blackberry Tart, Gongolais Cookie, Apricot Croissant
764, Truffle Cake, Apricot Tart, Vanilla Meringue
765, Casino Cake, Pecan Tart
766, Lemon Cake, Coffee Eclair, Blackberry Tart, Cherry Soda
767, Chocolate Croissant, Hot Coffee
768, Apple Tart, Lemon Cookie, Apple Croissant, Chocolate Coffee
769, Vanilla Meringue, Marzipan Cookie, Tuile Cookie
770, Raspberry Cookie, Lemon Cookie, Lemon Lemonade, Raspberry Lemonade
771, Pecan Tart, Marzipan Cookie, Walnut Cookie
772, Vanilla Meringue
773, Marzipan Cookie, Tuile Cookie
774, Lemon Cake, Apricot Tart, Walnut Cookie
775, Apple Pie, Raspberry Cookie, Chocolate Meringue, Apple Danish, Almond Bear Claw, Hot Coffee
776, Chocolate Tart, Walnut Cookie, Vanilla Frappuccino
777, Gongolais Cookie, Almond Croissant, Blueberry Danish
778, Cheese Croissant, Orange Juice, Hot Coffee, Vanilla Frappuccino
779, Chocolate Cake, Casino Cake, Apple Tart, Blueberry Danish, Raspberry Lemonade, Chocolate Coffee, Single Espresso
780, Apple Tart, Apple Croissant, Apple Danish, Cherry Soda
781, Apple Tart, Chocolate Tart, Marzipan Cookie, Green Tea, Hot Coffee
782, Chocolate Tart, Vanilla Frappuccino
783, Apple Tart, Apple Croissant, Apple Danish, Cherry Soda
784, Vanilla Eclair, Pecan Tart, Walnut Cookie, Apricot Croissant, Chocolate Coffee
785, Almond Tart, Gongolais Cookie, Raspberry Cookie, Vanilla Meringue, Apple Danish
786, Coffee Eclair, Pecan Tart, Vanilla Meringue, Bottled Water, Vanilla Frappuccino
787, Casino Cake, Cherry Tart, Marzipan Cookie, Tuile Cookie, Cheese Croissant
788, Berry Tart, Ganache Cookie, Raspberry Cookie, Lemon Cookie, Almond Croissant, Orange Juice, Chocolate Coffee
789, Cherry Tart, Apricot Danish
790, Lemon Cake
791, Chocolate Cake, Berry Tart, Pecan Tart, Bottled Water, Chocolate Coffee
792, Truffle Cake, Coffee Eclair, Apple Pie, Lemon Cookie, Marzipan Cookie
793, Chocolate Cake, Cherry Tart, Chocolate Meringue, Blueberry Danish
794, Lemon Cake, Lemon Tart, Marzipan Cookie
795, Raspberry Cookie, Lemon Cookie, Lemon Lemonade, Raspberry Lemonade, Green Tea
796, Blueberry Tart
797, Chocolate Cake, Chocolate Eclair, Tuile Cookie, Cheese Croissant, Apricot Danish, Chocolate Coffee, Cherry Soda
798, Lemon Cake, Lemon Tart, Bottled Water
799, Chocolate Tart, Walnut Cookie, Vanilla Frappuccino
800, Chocolate Eclair, Apple Croissant
801, Raspberry Cookie, Lemon Cookie, Lemon Lemonade, Raspberry Lemonade, Green Tea
802, Cheese Croissant, Orange Juice
803, Lemon Cake, Opera Cake, Lemon Tart, Walnut Cookie, Apple Croissant, Bottled Water
804, Chocolate Tart, Walnut Cookie, Vanilla Frappuccino
805, Marzipan Cookie, Apple Croissant, Apricot Croissant, Apple Danish, Chocolate Coffee
806, Blueberry Tart, Apricot Croissant, Hot Coffee
807, Lemon Cake, Lemon Tart, Chocolate Croissant, Bottled Water
808, Chocolate Cake, Casino Cake, Coffee Eclair, Cherry Tart, Cherry Soda
809, Berry Tart, Lemon Tart
810, Coffee Eclair, Blackberry Tart, Single Espresso
811, Truffle Cake, Apricot Tart, Gongolais Cookie, Almond Croissant
812, Chocolate Tart, Walnut Cookie, Vanilla Frappuccino
813, Apricot Tart, Marzipan Cookie, Tuile Cookie, Orange Juice, Cherry Soda
814, Lemon Cake, Truffle Cake, Gongolais Cookie
815, Strawberry Cake, Napoleon Cake
816, Coffee Eclair, Apple Pie, Almond Twist, Hot Coffee
817, Chocolate Cake, Opera Cake, Coffee Eclair, Gongolais Cookie, Almond Twist, Blueberry Danish, Lemon Lemonade
818, Lemon Cake, Lemon Tart
819, Gongolais Cookie, Vanilla Meringue
820, Cheese Croissant, Almond Twist, Orange Juice
821, Strawberry Cake, Vanilla Eclair, Apricot Tart, Marzipan Cookie, Tuile Cookie, Chocolate Coffee
822, Marzipan Cookie, Tuile Cookie, Lemon Lemonade
823, Marzipan Cookie, Tuile Cookie
824, Cheese Croissant, Orange Juice
825, Truffle Cake, Gongolais Cookie
826, Berry Tart, Gongolais Cookie, Bottled Water
827, Blueberry Tart, Apricot Croissant, Hot Coffee
828, Opera Cake, Blueberry Tart, Tuile Cookie, Cherry Soda
829, Gongolais Cookie, Raspberry Cookie, Lemon Cookie, Blueberry Danish
830, Blackberry Tart, Vanilla Meringue, Tuile Cookie, Cheese Croissant, Apple Danish
831, Coffee Eclair, Blackberry Tart, Single Espresso
832, Blackberry Tart, Gongolais Cookie, Marzipan Cookie, Apple Croissant, Cheese Croissant, Lemon Lemonade
833, Cherry Tart, Apricot Danish, Raspberry Lemonade, Green Tea, Single Espresso
834, Strawberry Cake, Napoleon Cake
835, Apple Tart, Apple Croissant, Apple Danish
836, Lemon Cake, Lemon Tart, Tuile Cookie, Apple Croissant, Almond Bear Claw, Bottled Water, Cherry Soda
837, Strawberry Cake, Napoleon Cake, Cherry Tart
838, Chocolate Eclair, Apricot Croissant, Chocolate Croissant
839, Blackberry Tart, Orange Juice
840, Apricot Tart, Marzipan Cookie, Tuile Cookie, Apple Danish
841, Coffee Eclair, Blackberry Tart, Gongolais Cookie, Almond Twist, Green Tea, Single Espresso
842, Coffee Eclair, Almond Croissant, Green Tea
843, Blackberry Tart, Chocolate Meringue, Single Espresso
844, Gongolais Cookie, Cheese Croissant, Raspberry Lemonade
845, Chocolate Croissant
846, Strawberry Cake, Berry Tart, Ganache Cookie, Chocolate Meringue, Raspberry Lemonade
847, Pecan Tart, Raspberry Cookie, Cheese Croissant, Orange Juice
848, Napoleon Cake, Apricot Tart, Gongolais Cookie, Orange Juice, Hot Coffee
849, Chocolate Cake, Berry Tart, Gongolais Cookie, Walnut Cookie, Chocolate Coffee
850, Lemon Cake, Lemon Tart
851, Opera Cake, Blueberry Tart, Apricot Croissant, Hot Coffee
852, Strawberry Cake, Napoleon Cake
853, Strawberry Cake, Napoleon Cake, Ganache Cookie, Blueberry Danish
854, Opera Cake, Cherry Tart, Blueberry Danish
855, Strawberry Cake, Apricot Tart, Apricot Croissant
856, Chocolate Tart, Walnut Cookie, Vanilla Frappuccino
857, Apple Tart, Apple Croissant, Apple Danish, Cherry Soda
858, Berry Tart, Blackberry Tart
859, Raspberry Cookie, Chocolate Coffee
860, Truffle Cake, Gongolais Cookie
861, Opera Cake, Cherry Tart, Apricot Danish
862, Apple Tart, Gongolais Cookie, Vanilla Frappuccino, Cherry Soda
863, Opera Cake, Truffle Cake, Cherry Tart, Apricot Danish
864, Raspberry Cookie, Lemon Cookie, Lemon Lemonade, Raspberry Lemonade
865, Gongolais Cookie
866, Vanilla Eclair, Apple Tart, Blueberry Tart, Cherry Tart, Walnut Cookie, Chocolate Croissant, Single Espresso
867, Cheese Croissant, Chocolate Croissant, Orange Juice, Bottled Water
868, Apricot Tart, Raspberry Cookie, Lemon Cookie, Raspberry Lemonade
869, Raspberry Cookie, Lemon Cookie, Lemon Lemonade, Raspberry Lemonade, Green Tea
870, Apricot Tart, Chocolate Meringue
871, Truffle Cake, Apple Danish, Raspberry Lemonade, Orange Juice
872, Truffle Cake, Gongolais Cookie, Apple Croissant, Almond Twist, Vanilla Frappuccino
873, Truffle Cake, Coffee Eclair, Pecan Tart
874, Strawberry Cake, Berry Tart, Blueberry Tart, Almond Twist, Bottled Water
875, Opera Cake, Cherry Tart, Apricot Danish
876, Vanilla Eclair, Ganache Cookie, Walnut Cookie, Cheese Croissant, Orange Juice
877, Truffle Cake, Berry Tart, Cherry Tart
878, Marzipan Cookie
879, Berry Tart, Pecan Tart, Gongolais Cookie, Lemon Cookie
880, Lemon Cake, Opera Cake, Berry Tart, Apple Croissant, Bottled Water, Hot Coffee, Vanilla Frappuccino
881, Walnut Cookie, Apple Danish, Raspberry Lemonade, Chocolate Coffee
882, Blueberry Tart, Apricot Croissant, Hot Coffee
883, Raspberry Cookie, Lemon Cookie, Lemon Lemonade, Raspberry Lemonade, Green Tea
884, Coffee Eclair, Apple Pie, Lemon Tart, Almond Bear Claw, Orange Juice, Green Tea, Vanilla Frappuccino
885, Chocolate Cake, Marzipan Cookie, Tuile Cookie, Apricot Croissant
886, Chocolate Cake, Casino Cake, Tuile Cookie, Raspberry Lemonade, Chocolate Coffee
887, Raspberry Cookie, Lemon Cookie, Lemon Lemonade, Raspberry Lemonade, Green Tea
888, Opera Cake, Cherry Tart, Apricot Danish
889, Berry Tart, Apple Croissant
890, Vanilla Eclair, Berry Tart, Bottled Water
891, Opera Cake, Berry Tart, Cherry Tart, Gongolais Cookie, Apricot Danish
892, Lemon Cake, Opera Cake, Almond Croissant
893, Chocolate Eclair, Apple Tart, Raspberry Lemonade, Bottled Water
894, Apple Pie, Almond Croissant, Green Tea
895, Coffee Eclair, Blackberry Tart, Single Espresso
896, Chocolate Cake, Casino Cake, Chocolate Coffee
897, Lemon Cake, Chocolate Tart, Almond Bear Claw, Green Tea
898, Chocolate Meringue, Apple Danish
899, Coffee Eclair, Napoleon Cake, Marzipan Cookie
900, Truffle Cake, Apricot Tart, Gongolais Cookie
901, Apple Tart, Apple Croissant, Apple Danish, Cherry Soda
902, Vanilla Meringue, Blueberry Danish, Green Tea
903, Apple Tart, Vanilla Meringue, Almond Bear Claw
904, Lemon Cake, Blueberry Tart, Pecan Tart, Lemon Lemonade
905, Raspberry Cookie, Lemon Cookie, Lemon Lemonade, Raspberry Lemonade, Green Tea
906, Chocolate Eclair, Tuile Cookie, Almond Twist, Almond Bear Claw, Single Espresso
907, Berry Tart, Blueberry Tart, Chocolate Tart, Cherry Tart, Vanilla Meringue, Apple Croissant
908, Almond Twist, Bottled Water
909, Apple Pie, Almond Croissant
910, Gongolais Cookie, Tuile Cookie, Raspberry Lemonade, Cherry Soda
911, Apple Tart, Apple Croissant, Apple Danish, Cherry Soda
912, Strawberry Cake, Truffle Cake, Coffee Eclair, Ganache Cookie
913, Opera Cake, Napoleon Cake, Cherry Tart, Apricot Danish, Raspberry Lemonade
914, Truffle Cake, Marzipan Cookie, Tuile Cookie, Orange Juice
915, Truffle Cake, Gongolais Cookie, Apple Croissant
916, Cheese Croissant, Orange Juice
917, Strawberry Cake, Napoleon Cake, Blackberry Tart
918, Coffee Eclair, Apple Pie, Almond Twist, Hot Coffee
919, Raspberry Cookie, Lemon Cookie, Lemon Lemonade, Raspberry Lemonade, Green Tea
920, Lemon Lemonade
921, Lemon Cake, Vanilla Eclair, Berry Tart, Lemon Tart
922, Berry Tart, Apple Croissant, Bottled Water
923, Chocolate Eclair, Tuile Cookie, Cheese Croissant, Blueberry Danish
924, Chocolate Cake, Chocolate Eclair, Blueberry Tart, Almond Croissant, Blueberry Danish, Vanilla Frappuccino
925, Apple Tart, Apple Croissant, Apple Danish
926, Lemon Cake, Apple Danish, Chocolate Coffee
927, Marzipan Cookie, Orange Juice, Bottled Water
928, Strawberry Cake, Napoleon Cake
929, Pecan Tart
930, Truffle Cake, Gongolais Cookie
931, Almond Tart, Blueberry Tart, Vanilla Meringue
932, Apricot Tart, Apple Danish, Orange Juice
933, Apple Tart, Cheese Croissant, Orange Juice, Vanilla Frappuccino
934, Strawberry Cake, Marzipan Cookie, Tuile Cookie
935, Lemon Cake, Lemon Tart, Blueberry Danish
936, Lemon Cake, Blueberry Tart, Apricot Croissant
937, Apple Tart, Apple Croissant, Apple Danish
938, Blueberry Tart, Apricot Croissant, Raspberry Lemonade, Hot Coffee
939, Blueberry Tart, Cheese Croissant, Orange Juice
940, Apple Tart, Apricot Tart, Apple Croissant, Apricot Danish, Apple Danish, Raspberry Lemonade, Bottled Water
941, Chocolate Eclair, Napoleon Cake, Lemon Tart, Lemon Cookie, Bottled Water
942, Raspberry Cookie, Lemon Cookie, Lemon Lemonade, Raspberry Lemonade, Green Tea
943, Truffle Cake, Apple Tart, Apple Croissant, Apple Danish, Cherry Soda
944, Chocolate Cake, Casino Cake, Pecan Tart, Bottled Water, Chocolate Coffee
945, Opera Cake, Cherry Tart, Apricot Danish
946, Strawberry Cake, Apple Tart, Berry Tart, Lemon Tart, Apricot Croissant, Cherry Soda
947, Raspberry Lemonade
948, Chocolate Cake, Berry Tart, Bottled Water
949, Lemon Cake, Almond Tart, Apricot Tart, Lemon Tart, Chocolate Meringue, Vanilla Meringue, Cheese Croissant, Blueberry Danish
950, Coffee Eclair, Blackberry Tart, Blueberry Tart
951, Strawberry Cake, Walnut Cookie, Chocolate Coffee
952, Berry Tart, Pecan Tart, Lemon Lemonade, Green Tea
953, Coffee Eclair, Almond Bear Claw
954, Opera Cake, Cherry Tart, Hot Coffee, Vanilla Frappuccino
955, Lemon Tart, Walnut Cookie, Green Tea
956, Napoleon Cake, Blueberry Tart
957, Chocolate Cake, Pecan Tart, Orange Juice
958, Truffle Cake, Almond Tart, Apricot Croissant, Cheese Croissant, Blueberry Danish, Bottled Water
959, Marzipan Cookie, Tuile Cookie
960, Truffle Cake, Gongolais Cookie, Chocolate Meringue, Walnut Cookie, Almond Twist, Green Tea
961, Lemon Tart
962, Strawberry Cake, Blueberry Tart, Chocolate Croissant
963, Napoleon Cake, Chocolate Tart, Bottled Water, Hot Coffee
964, Coffee Eclair, Blackberry Tart, Walnut Cookie
965, Coffee Eclair, Apple Pie, Marzipan Cookie, Almond Twist, Blueberry Danish, Hot Coffee, Single Espresso
966, Apple Tart, Apple Croissant, Apple Danish, Cherry Soda
967, Chocolate Croissant, Single Espresso
968, Apple Croissant
969, Chocolate Meringue, Cheese Croissant, Orange Juice, Hot Coffee
970, Blueberry Tart, Marzipan Cookie, Apricot Croissant, Hot Coffee
971, Chocolate Meringue, Raspberry Lemonade
972, Chocolate Eclair, Napoleon Cake, Blackberry Tart, Lemon Cookie, Chocolate Meringue, Lemon Lemonade, Hot Coffee
973, Coffee Eclair, Vanilla Eclair, Napoleon Cake, Apple Pie, Walnut Cookie, Almond Twist, Hot Coffee
974, Ganache Cookie, Apple Danish
975, Truffle Cake, Coffee Eclair, Berry Tart, Chocolate Tart, Gongolais Cookie
976, Almond Bear Claw, Lemon Lemonade
977, Casino Cake, Coffee Eclair, Blackberry Tart, Gongolais Cookie, Chocolate Meringue, Cheese Croissant, Raspberry Lemonade
978, Marzipan Cookie, Tuile Cookie
979, Blueberry Tart, Apricot Croissant, Hot Coffee
980, Vanilla Eclair, Cherry Tart, Tuile Cookie
981, Apricot Tart
982, Raspberry Lemonade
983, Marzipan Cookie, Tuile Cookie, Almond Bear Claw, Cherry Soda
984, Opera Cake, Cherry Tart, Apricot Danish
985, Blueberry Tart, Pecan Tart, Apricot Croissant, Apple Danish
986, Blueberry Tart, Apricot Croissant, Hot Coffee
987, Strawberry Cake, Napoleon Cake
988, Gongolais Cookie, Apple Croissant, Blueberry Danish
989, Chocolate Cake, Casino Cake, Chocolate Coffee
990, Chocolate Croissant
991, Chocolate Cake, Casino Cake, Chocolate Coffee
992, Chocolate Cake
993, Opera Cake, Chocolate Eclair, Apricot Tart
994, Opera Cake, Walnut Cookie, Bottled Water
995, Napoleon Cake, Marzipan Cookie, Tuile Cookie, Hot Coffee
996, Casino Cake, Almond Tart, Gongolais Cookie, Apple Croissant, Cheese Croissant, Chocolate Coffee
997, Casino Cake, Chocolate Eclair, Gongolais Cookie, Apricot Croissant
998, Chocolate Cake, Strawberry Cake, Napoleon Cake, Almond Croissant, Cheese Croissant
999, Opera Cake, Cherry Tart, Apricot Danish
1000, Blackberry Tart, Chocolate Croissant, Vanilla Frappuccino
